,age,income,children,gender_FEMALE,gender_MALE,region_INNER_CITY,region_RURAL,region_SUBURBAN,region_TOWN,married_NO,married_YES,car_NO,car_YES,savings_acct_NO,savings_acct_YES,current_acct_NO,current_acct_YES,mortgage_NO,mortgage_YES,pep_NO,pep_YES,id
0,0.6122448979591837,0.21563448481990038,0.3333333333333333,1,0,1,0,0,0,1,0,1,0,1,0,1,0,1,0,0,1,ID12101
1,0.4489795918367347,0.4313947527948036,1.0,0,1,0,0,0,1,0,1,0,1,1,0,0,1,0,1,1,0,ID12102
2,0.673469387755102,0.19893337261117403,0.0,1,0,1,0,0,0,0,1,0,1,0,1,0,1,1,0,1,0,ID12103
3,0.10204081632653061,0.26431996481513065,1.0,1,0,0,0,0,1,0,1,1,0,1,0,0,1,1,0,1,0,ID12104
4,0.7959183673469388,0.7839867891552552,0.0,1,0,0,1,0,0,0,1,1,0,0,1,1,0,1,0,1,0,ID12105
5,0.7959183673469388,0.5653426283241985,0.6666666666666666,1,0,0,0,0,1,0,1,1,0,0,1,0,1,1,0,0,1,ID12106
6,0.08163265306122448,0.06646822409499363,0.0,0,1,0,1,0,0,1,0,1,0,1,0,0,1,1,0,0,1,ID12107
7,0.8163265306122449,0.3429765938369007,0.0,0,1,0,0,0,1,0,1,0,1,0,1,0,1,1,0,1,0,ID12108
8,0.3877551020408163,0.34913153700304683,0.6666666666666666,1,0,0,0,1,0,0,1,0,1,1,0,1,0,1,0,1,0,ID12109
9,0.7346938775510204,0.33033805384379383,0.6666666666666666,0,1,0,0,0,1,0,1,0,1,0,1,0,1,1,0,1,0,ID12110
10,0.9795918367346939,0.9427660834239999,0.0,1,0,0,0,0,1,0,1,1,0,0,1,0,1,1,0,1,0,ID12111
11,0.6938775510204082,0.3724384157241677,0.0,1,0,1,0,0,0,1,0,0,1,0,1,0,1,0,1,1,0,ID12112
12,0.5306122448979592,0.18448637713368926,0.3333333333333333,1,0,0,0,0,1,0,1,1,0,0,1,0,1,0,1,0,1,ID12113
13,0.9795918367346939,0.8636276584596743,0.3333333333333333,1,0,0,0,0,1,0,1,0,1,0,1,0,1,0,1,0,1,ID12114
14,0.3673469387755102,0.24881990106320317,0.0,0,1,0,1,0,0,0,1,1,0,0,1,0,1,0,1,1,0,ID12115
15,0.40816326530612246,0.29816096768026784,0.0,1,0,1,0,0,0,0,1,0,1,0,1,0,1,0,1,1,0,ID12116
16,0.3877551020408163,0.21879713104281806,0.6666666666666666,1,0,0,0,0,1,0,1,1,0,1,0,1,0,0,1,1,0,ID12117
17,0.5714285714285714,0.6194827266690746,0.0,1,0,0,0,1,0,0,1,1,0,0,1,1,0,0,1,1,0,ID12118
18,0.8979591836734694,0.3767470480104495,0.0,1,0,1,0,0,0,0,1,1,0,0,1,1,0,1,0,0,1,ID12119
19,0.2653061224489796,0.30127027220954544,0.0,0,1,0,0,0,1,0,1,0,1,0,1,0,1,1,0,1,0,ID12120
20,0.8775510204081632,0.9096735849696185,0.6666666666666666,0,1,1,0,0,0,0,1,1,0,0,1,1,0,1,0,0,1,ID12121
21,0.6530612244897959,0.1975895060714032,0.6666666666666666,0,1,0,0,0,1,0,1,1,0,0,1,0,1,1,0,1,0,ID12122
22,0.7346938775510204,0.5752710661404308,0.0,0,1,1,0,0,0,0,1,1,0,0,1,0,1,1,0,1,0,ID12123
23,0.1836734693877551,0.18109659853785257,0.0,1,0,0,0,0,1,1,0,0,1,0,1,0,1,0,1,1,0,ID12124
24,0.08163265306122448,0.1312221149843872,0.6666666666666666,0,1,1,0,0,0,1,0,0,1,0,1,0,1,1,0,1,0,ID12125
25,0.7755102040816326,0.6197924526321459,0.0,0,1,1,0,0,0,0,1,0,1,0,1,0,1,0,1,1,0,ID12126
26,0.5510204081632653,0.27179296402412495,0.0,0,1,1,0,0,0,0,1,1,0,0,1,0,1,0,1,1,0,ID12127
27,0.42857142857142855,0.25982205555141635,0.3333333333333333,1,0,0,0,0,1,0,1,1,0,1,0,0,1,1,0,0,1,ID12128
28,0.42857142857142855,0.4189024722842582,1.0,1,0,1,0,0,0,1,0,0,1,1,0,0,1,0,1,1,0,ID12129
29,0.8775510204081632,0.33133605972480157,0.3333333333333333,0,1,0,1,0,0,0,1,1,0,1,0,0,1,1,0,0,1,ID12130
30,0.8775510204081632,0.30849893204767237,0.6666666666666666,1,0,0,1,0,0,0,1,1,0,0,1,0,1,1,0,1,0,ID12131
31,0.04081632653061224,0.19463850592325094,0.6666666666666666,1,0,0,0,0,1,0,1,1,0,0,1,1,0,1,0,1,0,ID12132
32,0.5510204081632653,0.3171075931212617,0.3333333333333333,0,1,0,0,1,0,0,1,0,1,0,1,0,1,1,0,0,1,ID12133
33,0.30612244897959184,0.42857624653085413,1.0,1,0,1,0,0,0,1,0,0,1,0,1,1,0,1,0,1,0,ID12134
34,0.5102040816326531,0.5593597551375364,0.0,0,1,0,0,1,0,1,0,1,0,0,1,0,1,1,0,0,1,ID12135
35,0.1836734693877551,0.25558913405610756,0.6666666666666666,1,0,1,0,0,0,0,1,1,0,0,1,0,1,1,0,1,0,ID12136
36,0.02040816326530612,0.10218874734603565,1.0,0,1,0,1,0,0,0,1,0,1,0,1,0,1,1,0,1,0,ID12137
37,0.3673469387755102,0.14396733836477427,0.0,1,0,0,1,0,0,1,0,0,1,1,0,0,1,1,0,0,1,ID12138
38,0.5102040816326531,0.23212395095386132,0.0,1,0,0,0,0,1,0,1,0,1,0,1,0,1,1,0,1,0,ID12139
39,0.9795918367346939,0.3506319872241482,0.6666666666666666,1,0,0,0,1,0,1,0,1,0,1,0,0,1,1,0,1,0,ID12140
40,0.7551020408163265,0.3744241032874142,0.0,0,1,0,0,0,1,0,1,1,0,1,0,0,1,0,1,0,1,ID12141
41,0.5918367346938775,0.37749383172141043,0.0,1,0,1,0,0,0,0,1,0,1,1,0,0,1,1,0,1,0,ID12142
42,1.0,0.8724342000096703,0.6666666666666666,0,1,0,0,0,1,1,0,0,1,0,1,1,0,1,0,0,1,ID12143
43,0.2857142857142857,0.38814324275168116,0.0,1,0,0,0,0,1,0,1,0,1,1,0,0,1,0,1,1,0,ID12144
44,0.04081632653061224,0.15014465062825333,0.6666666666666666,0,1,1,0,0,0,1,0,0,1,0,1,0,1,0,1,1,0,ID12145
45,0.9387755102040817,0.8200234049586094,0.6666666666666666,0,1,1,0,0,0,0,1,1,0,0,1,0,1,0,1,0,1,ID12146
46,0.6530612244897959,0.14229653886398366,0.3333333333333333,1,0,1,0,0,0,1,0,0,1,0,1,0,1,1,0,0,1,ID12147
47,0.22448979591836735,0.13924573812773064,0.6666666666666666,0,1,1,0,0,0,1,0,1,0,0,1,0,1,0,1,0,1,ID12148
48,0.6938775510204082,0.5942194122812196,0.6666666666666666,0,1,1,0,0,0,1,0,0,1,1,0,0,1,1,0,0,1,ID12149
49,0.5918367346938775,0.2211630932607244,0.6666666666666666,1,0,0,1,0,0,0,1,0,1,0,1,1,0,1,0,1,0,ID12150
50,0.12244897959183673,0.1599474773594623,0.6666666666666666,0,1,0,0,0,1,1,0,0,1,0,1,1,0,1,0,1,0,ID12151
51,0.3673469387755102,0.3248782733947635,0.0,0,1,0,0,0,1,0,1,1,0,1,0,1,0,1,0,1,0,ID12152
52,0.5102040816326531,0.1935011233588611,0.3333333333333333,0,1,0,0,0,1,0,1,1,0,0,1,0,1,1,0,0,1,ID12153
53,0.6122448979591837,0.42638751639181643,0.3333333333333333,0,1,0,0,1,0,1,0,1,0,0,1,0,1,1,0,0,1,ID12154
54,0.9183673469387755,0.8918092796995796,0.0,0,1,0,0,0,1,0,1,1,0,0,1,0,1,0,1,1,0,ID12155
55,0.6938775510204082,0.7368310112776386,1.0,1,0,0,1,0,0,1,0,1,0,0,1,1,0,1,0,0,1,ID12156
56,0.8163265306122449,0.3435082900735066,0.0,1,0,1,0,0,0,1,0,1,0,1,0,0,1,1,0,0,1,ID12157
57,0.20408163265306123,0.3116306056742829,0.0,0,1,1,0,0,0,0,1,1,0,0,1,0,1,1,0,0,1,ID12158
58,0.22448979591836735,0.17429983434823076,0.0,1,0,1,0,0,0,0,1,1,0,1,0,0,1,1,0,1,0,ID12159
59,0.32653061224489793,0.34964774694149914,0.3333333333333333,0,1,1,0,0,0,1,0,0,1,0,1,0,1,0,1,0,1,ID12160
60,0.4897959183673469,0.3398225511129572,0.3333333333333333,1,0,1,0,0,0,0,1,1,0,0,1,0,1,0,1,0,1,ID12161
61,0.9591836734693877,0.5433073467514651,0.3333333333333333,1,0,1,0,0,0,1,0,0,1,1,0,0,1,1,0,0,1,ID12162
62,0.5918367346938775,0.3786983215777991,0.6666666666666666,0,1,1,0,0,0,0,1,1,0,0,1,0,1,1,0,1,0,ID12163
63,0.04081632653061224,0.11504925761267701,0.0,0,1,1,0,0,0,0,1,1,0,0,1,1,0,1,0,1,0,ID12164
64,0.061224489795918366,0.0,0.0,0,1,0,0,0,1,1,0,0,1,0,1,0,1,0,1,1,0,ID12165
65,0.4897959183673469,0.2129519138397433,0.0,0,1,1,0,0,0,0,1,1,0,0,1,0,1,1,0,1,0,ID12166
66,0.02040816326530612,0.10060570353478197,0.6666666666666666,0,1,0,0,0,1,1,0,1,0,0,1,0,1,1,0,1,0,ID12167
67,0.46938775510204084,0.5141225575311675,0.0,1,0,0,0,0,1,1,0,1,0,0,1,0,1,0,1,1,0,ID12168
68,0.24489795918367346,0.2475896007098919,0.6666666666666666,0,1,0,0,0,1,1,0,1,0,0,1,0,1,1,0,1,0,ID12169
69,0.2653061224489796,0.09339425069460348,0.6666666666666666,1,0,0,1,0,0,0,1,1,0,1,0,0,1,1,0,0,1,ID12170
70,0.14285714285714285,0.15573520426169157,1.0,0,1,1,0,0,0,0,1,0,1,0,1,0,1,1,0,1,0,ID12171
71,0.061224489795918366,0.05245587738568573,0.0,0,1,1,0,0,0,1,0,1,0,1,0,0,1,1,0,0,1,ID12172
72,0.3673469387755102,0.4640347072031419,1.0,0,1,1,0,0,0,0,1,0,1,0,1,0,1,0,1,0,1,ID12173
73,0.8163265306122449,0.31287983372533745,0.6666666666666666,1,0,1,0,0,0,0,1,1,0,0,1,1,0,0,1,1,0,ID12174
74,0.9387755102040817,0.820081908751634,0.6666666666666666,1,0,1,0,0,0,1,0,0,1,0,1,0,1,1,0,0,1,ID12175
75,0.8367346938775511,0.5264702992589463,0.6666666666666666,1,0,0,1,0,0,1,0,0,1,1,0,1,0,1,0,0,1,ID12176
76,0.5510204081632653,0.3774146795308478,0.0,1,0,0,0,0,1,1,0,1,0,0,1,0,1,0,1,1,0,ID12177
77,0.8775510204081632,0.7647218342522156,0.3333333333333333,0,1,1,0,0,0,0,1,0,1,0,1,0,1,0,1,0,1,ID12178
78,0.24489795918367346,0.16708494010846262,0.0,1,0,1,0,0,0,0,1,0,1,1,0,0,1,1,0,1,0,ID12179
79,0.8163265306122449,0.5077903822861528,0.6666666666666666,1,0,0,0,0,1,0,1,0,1,0,1,1,0,1,0,0,1,ID12180
80,0.6530612244897959,0.293170938275229,1.0,1,0,0,0,0,1,1,0,1,0,0,1,0,1,1,0,0,1,ID12181
81,0.24489795918367346,0.39221441846627486,1.0,0,1,1,0,0,0,1,0,1,0,1,0,0,1,1,0,1,0,ID12182
82,0.22448979591836735,0.13038069278470998,0.3333333333333333,1,0,1,0,0,0,0,1,1,0,0,1,0,1,1,0,1,0,ID12183
83,0.3469387755102041,0.1958189059825119,0.3333333333333333,0,1,1,0,0,0,0,1,1,0,0,1,0,1,1,0,0,1,ID12184
84,0.8979591836734694,0.32713755222538965,0.0,0,1,1,0,0,0,0,1,1,0,1,0,0,1,0,1,0,1,ID12185
85,0.3673469387755102,0.4588915355163622,0.3333333333333333,0,1,1,0,0,0,0,1,0,1,0,1,0,1,1,0,0,1,ID12186
86,0.14285714285714285,0.1808591419661645,0.0,1,0,1,0,0,0,0,1,1,0,0,1,0,1,1,0,1,0,ID12187
87,0.9795918367346939,0.30194822792871284,0.0,1,0,0,0,0,1,1,0,0,1,0,1,0,1,0,1,1,0,ID12188
88,0.24489795918367346,0.18642904720206474,0.0,0,1,0,0,1,0,0,1,0,1,0,1,1,0,0,1,1,0,ID12189
89,0.7346938775510204,0.4487824242216715,0.6666666666666666,1,0,1,0,0,0,0,1,1,0,1,0,0,1,1,0,0,1,ID12190
90,0.3877551020408163,0.3407035494079158,0.3333333333333333,0,1,0,0,0,1,0,1,0,1,1,0,0,1,0,1,0,1,ID12191
91,0.20408163265306123,0.3512824117465981,0.6666666666666666,1,0,1,0,0,0,1,0,1,0,0,1,0,1,0,1,1,0,ID12192
92,0.7142857142857143,0.5136682927853294,0.0,1,0,0,1,0,0,1,0,1,0,1,0,0,1,1,0,0,1,ID12193
93,0.8775510204081632,0.6463789851622336,0.6666666666666666,0,1,1,0,0,0,0,1,0,1,0,1,0,1,1,0,1,0,ID12194
94,0.8775510204081632,0.6213995862405274,0.0,1,0,1,0,0,0,0,1,0,1,0,1,1,0,1,0,1,0,ID12195
95,0.0,0.0856203010914915,0.0,1,0,1,0,0,0,0,1,1,0,0,1,0,1,1,0,1,0,ID12196
96,0.08163265306122448,0.050492386849792716,0.3333333333333333,0,1,1,0,0,0,0,1,1,0,1,0,1,0,0,1,1,0,ID12197
97,0.32653061224489793,0.44491429108286906,0.6666666666666666,0,1,0,0,0,1,0,1,0,1,0,1,0,1,0,1,0,1,ID12198
98,0.3469387755102041,0.12236911453993046,0.6666666666666666,1,0,1,0,0,0,1,0,1,0,0,1,0,1,1,0,1,0,ID12199
99,0.0,0.17782898962744956,0.0,1,0,0,1,0,0,0,1,0,1,1,0,0,1,1,0,1,0,ID12200
100,0.7346938775510204,0.37328327932343464,0.3333333333333333,0,1,1,0,0,0,0,1,1,0,0,1,0,1,0,1,0,1,ID12201
101,0.1836734693877551,0.11339738580962969,0.6666666666666666,1,0,1,0,0,0,0,1,0,1,0,1,0,1,1,0,1,0,ID12202
102,0.4897959183673469,0.1804272463176594,0.0,0,1,1,0,0,0,0,1,0,1,1,0,0,1,0,1,0,1,ID12203
103,0.5102040816326531,0.48307425043305713,0.0,0,1,0,0,0,1,1,0,1,0,0,1,0,1,0,1,1,0,ID12204
104,0.9387755102040817,0.5075959432093357,0.3333333333333333,1,0,1,0,0,0,0,1,1,0,0,1,0,1,1,0,0,1,ID12205
105,0.5102040816326531,0.4711498008548093,1.0,0,1,0,0,0,1,0,1,0,1,0,1,0,1,1,0,1,0,ID12206
106,0.6326530612244898,0.7161344341452914,0.0,0,1,0,1,0,0,0,1,0,1,0,1,1,0,1,0,1,0,ID12207
107,0.10204081632653061,0.13809803136457172,0.0,0,1,1,0,0,0,0,1,1,0,1,0,0,1,1,0,1,0,ID12208
108,0.10204081632653061,0.13193792609904106,0.0,0,1,1,0,0,0,1,0,1,0,0,1,0,1,1,0,0,1,ID12209
109,0.24489795918367346,0.3272304700143111,0.6666666666666666,1,0,1,0,0,0,0,1,0,1,0,1,0,1,0,1,1,0,ID12210
110,0.3673469387755102,0.5560663357302108,0.6666666666666666,0,1,0,0,0,1,1,0,1,0,0,1,0,1,1,0,0,1,ID12211
111,0.32653061224489793,0.34962881924375594,1.0,0,1,1,0,0,0,0,1,0,1,1,0,1,0,0,1,1,0,ID12212
112,0.673469387755102,0.5520003221150016,0.0,1,0,1,0,0,0,0,1,0,1,1,0,0,1,1,0,1,0,ID12213
113,0.3673469387755102,0.49240216402089,0.6666666666666666,0,1,0,0,0,1,1,0,0,1,0,1,0,1,1,0,0,1,ID12214
114,0.7755102040816326,0.6575480475305463,0.3333333333333333,0,1,1,0,0,0,0,1,0,1,0,1,0,1,1,0,0,1,ID12215
115,0.7346938775510204,0.7361599383576506,0.0,1,0,1,0,0,0,0,1,1,0,0,1,0,1,1,0,1,0,ID12216
116,0.7755102040816326,0.28763372633543083,0.6666666666666666,1,0,0,0,0,1,0,1,1,0,0,1,1,0,1,0,1,0,ID12217
117,0.16326530612244897,0.08654930691072614,1.0,0,1,1,0,0,0,0,1,1,0,0,1,0,1,0,1,1,0,ID12218
118,0.42857142857142855,0.21088707408593416,0.0,0,1,0,0,0,1,1,0,0,1,1,0,1,0,1,0,0,1,ID12219
119,0.9387755102040817,0.7011987599260718,1.0,1,0,0,1,0,0,0,1,0,1,0,1,0,1,1,0,0,1,ID12220
120,0.5714285714285714,0.4217657167428736,0.6666666666666666,0,1,0,1,0,0,1,0,1,0,0,1,1,0,0,1,1,0,ID12221
121,0.8979591836734694,0.8577617928590615,0.3333333333333333,1,0,0,1,0,0,0,1,0,1,0,1,0,1,1,0,0,1,ID12222
122,0.3673469387755102,0.2716088491460769,0.3333333333333333,1,0,0,0,0,1,0,1,1,0,0,1,1,0,0,1,0,1,ID12223
123,0.3469387755102041,0.48203838915656294,0.3333333333333333,1,0,0,1,0,0,1,0,1,0,0,1,0,1,1,0,0,1,ID12224
124,0.5918367346938775,0.6885843097300928,1.0,0,1,0,1,0,0,1,0,0,1,0,1,1,0,1,0,0,1,ID12225
125,0.5918367346938775,0.5849792543829235,0.6666666666666666,0,1,1,0,0,0,0,1,1,0,1,0,0,1,1,0,0,1,ID12226
126,0.3877551020408163,0.348329690898651,0.0,1,0,0,0,0,1,0,1,0,1,0,1,0,1,1,0,1,0,ID12227
127,0.6122448979591837,0.6468057187113542,0.0,1,0,1,0,0,0,0,1,1,0,0,1,0,1,1,0,1,0,ID12228
128,0.46938775510204084,0.15621355880465743,1.0,0,1,0,0,0,1,0,1,0,1,0,1,0,1,1,0,1,0,ID12229
129,0.1836734693877551,0.2810950671150352,0.0,1,0,0,1,0,0,1,0,0,1,0,1,0,1,1,0,0,1,ID12230
130,0.5102040816326531,0.3137212559250147,0.6666666666666666,0,1,1,0,0,0,1,0,1,0,1,0,0,1,1,0,1,0,ID12231
131,0.8775510204081632,0.6296950799514557,1.0,0,1,0,1,0,0,0,1,1,0,0,1,0,1,0,1,1,0,ID12232
132,0.6938775510204082,0.20135439722251522,0.6666666666666666,1,0,0,0,1,0,1,0,0,1,0,1,0,1,1,0,1,0,ID12233
133,0.9387755102040817,0.5406815588645378,0.0,1,0,0,0,1,0,0,1,0,1,1,0,0,1,1,0,1,0,ID12234
134,0.9795918367346939,0.9376022633396822,0.6666666666666666,1,0,0,0,0,1,0,1,0,1,0,1,0,1,0,1,0,1,ID12235
135,0.7142857142857143,0.45289833813093117,0.3333333333333333,1,0,0,0,0,1,0,1,0,1,0,1,0,1,1,0,0,1,ID12236
136,0.04081632653061224,0.155459892294517,0.6666666666666666,1,0,1,0,0,0,0,1,0,1,1,0,0,1,0,1,1,0,ID12237
137,0.7959183673469388,0.5883260154838893,0.0,1,0,1,0,0,0,1,0,1,0,0,1,0,1,1,0,0,1,ID12238
138,0.9591836734693877,0.6394067095935381,0.0,1,0,0,1,0,0,0,1,1,0,0,1,0,1,1,0,1,0,ID12239
139,0.9387755102040817,0.8646308264400666,0.3333333333333333,1,0,1,0,0,0,1,0,1,0,0,1,0,1,1,0,0,1,ID12240
140,0.6938775510204082,0.55201752911295,1.0,0,1,1,0,0,0,0,1,1,0,0,1,0,1,1,0,1,0,ID12241
141,0.5918367346938775,0.3058920718584883,0.0,1,0,1,0,0,0,0,1,1,0,1,0,0,1,1,0,1,0,ID12242
142,0.20408163265306123,0.21037946764645607,0.3333333333333333,1,0,0,0,0,1,0,1,0,1,1,0,1,0,0,1,1,0,ID12243
143,0.9387755102040817,0.7564297819408772,0.0,0,1,0,0,0,1,0,1,0,1,0,1,0,1,0,1,1,0,ID12244
144,0.14285714285714285,0.23932852099486046,0.3333333333333333,0,1,1,0,0,0,0,1,1,0,0,1,0,1,1,0,0,1,ID12245
145,0.8163265306122449,0.7947910631670615,0.0,0,1,0,0,1,0,0,1,1,0,0,1,1,0,0,1,0,1,ID12246
146,0.32653061224489793,0.26192475070071203,0.6666666666666666,0,1,0,0,0,1,0,1,0,1,1,0,0,1,1,0,1,0,ID12247
147,0.04081632653061224,0.23824964222349515,0.6666666666666666,1,0,1,0,0,0,1,0,1,0,0,1,0,1,1,0,1,0,ID12248
148,0.9183673469387755,0.35649957352455586,0.0,0,1,0,1,0,0,0,1,0,1,0,1,1,0,1,0,1,0,ID12249
149,0.24489795918367346,0.3996530036793724,1.0,1,0,0,0,1,0,0,1,0,1,0,1,0,1,1,0,1,0,ID12250
150,0.7142857142857143,0.3988477161753868,0.3333333333333333,0,1,0,1,0,0,0,1,0,1,0,1,0,1,1,0,0,1,ID12251
151,0.5102040816326531,0.5406196136719236,0.6666666666666666,0,1,0,0,0,1,1,0,0,1,1,0,0,1,1,0,0,1,ID12252
152,0.9183673469387755,0.8535460783617012,0.6666666666666666,0,1,0,0,0,1,0,1,1,0,0,1,1,0,0,1,0,1,ID12253
153,0.30612244897959184,0.3397795336180862,0.3333333333333333,0,1,1,0,0,0,0,1,1,0,0,1,0,1,0,1,0,1,ID12254
154,0.46938775510204084,0.31560886359995516,0.6666666666666666,0,1,0,1,0,0,1,0,0,1,1,0,1,0,1,0,1,0,ID12255
155,0.04081632653061224,0.05384998835946589,0.6666666666666666,1,0,0,0,1,0,0,1,1,0,0,1,0,1,1,0,0,1,ID12256
156,0.6530612244897959,0.3690606820268949,0.0,0,1,0,0,0,1,0,1,0,1,0,1,0,1,1,0,1,0,ID12257
157,0.12244897959183673,0.26590128792658946,0.6666666666666666,0,1,0,1,0,0,0,1,0,1,0,1,0,1,1,0,1,0,ID12258
158,0.8571428571428571,0.28377763809519224,0.0,1,0,0,0,0,1,0,1,1,0,1,0,0,1,1,0,0,1,ID12259
159,0.5306122448979592,0.17725083449638301,0.3333333333333333,1,0,0,0,0,1,0,1,1,0,0,1,0,1,1,0,0,1,ID12260
160,0.10204081632653061,0.2385146299919007,0.6666666666666666,0,1,1,0,0,0,0,1,0,1,0,1,0,1,1,0,1,0,ID12261
161,0.4489795918367347,0.13701915259320646,0.0,1,0,1,0,0,0,0,1,1,0,1,0,1,0,1,0,1,0,ID12262
162,0.6326530612244898,0.27005161583174586,1.0,1,0,0,0,0,1,1,0,1,0,1,0,0,1,1,0,1,0,ID12263
163,0.061224489795918366,0.04362266498886966,0.3333333333333333,1,0,0,0,0,1,1,0,0,1,1,0,0,1,1,0,1,0,ID12264
164,0.4489795918367347,0.3422435757242985,0.0,1,0,1,0,0,0,0,1,1,0,1,0,1,0,1,0,1,0,ID12265
165,0.16326530612244897,0.32792391203163196,0.3333333333333333,0,1,0,1,0,0,0,1,1,0,1,0,0,1,0,1,0,1,ID12266
166,0.04081632653061224,0.07873406051253797,0.3333333333333333,0,1,0,0,0,1,1,0,1,0,0,1,0,1,0,1,1,0,ID12267
167,0.12244897959183673,0.06106161326962386,0.3333333333333333,0,1,1,0,0,0,1,0,1,0,1,0,1,0,0,1,1,0,ID12268
168,0.3877551020408163,0.37327639652425526,0.0,1,0,0,0,0,1,1,0,0,1,0,1,0,1,1,0,1,0,ID12269
169,0.7755102040816326,0.4991111725209749,0.0,0,1,1,0,0,0,0,1,1,0,1,0,0,1,1,0,1,0,ID12270
170,0.6938775510204082,0.7598866678287126,0.0,0,1,1,0,0,0,0,1,0,1,0,1,0,1,1,0,1,0,ID12271
171,0.08163265306122448,0.2531509024468179,0.6666666666666666,0,1,1,0,0,0,0,1,1,0,1,0,0,1,1,0,1,0,ID12272
172,0.3469387755102041,0.33265239506785493,1.0,0,1,1,0,0,0,0,1,0,1,0,1,0,1,1,0,1,0,ID12273
173,0.32653061224489793,0.37829911922539605,0.3333333333333333,0,1,0,1,0,0,0,1,0,1,0,1,0,1,1,0,0,1,ID12274
174,1.0,0.6288106402569074,0.6666666666666666,1,0,0,0,0,1,0,1,1,0,0,1,0,1,1,0,0,1,ID12275
175,0.8163265306122449,0.8831679253298883,0.0,1,0,1,0,0,0,1,0,1,0,0,1,0,1,1,0,0,1,ID12276
176,0.4489795918367347,0.5599895312624482,0.0,0,1,0,0,0,1,0,1,0,1,0,1,0,1,1,0,1,0,ID12277
177,0.46938775510204084,0.43163909216567103,0.0,1,0,1,0,0,0,0,1,0,1,0,1,0,1,0,1,0,1,ID12278
178,0.5102040816326531,0.1762098111205042,0.0,0,1,1,0,0,0,0,1,1,0,1,0,1,0,1,0,0,1,ID12279
179,0.9183673469387755,0.5346539474832098,0.6666666666666666,0,1,1,0,0,0,0,1,1,0,1,0,0,1,1,0,0,1,ID12280
180,0.08163265306122448,0.21751004759627704,0.3333333333333333,1,0,1,0,0,0,0,1,1,0,0,1,0,1,0,1,0,1,ID12281
181,0.8571428571428571,0.8886500748762516,0.0,0,1,0,1,0,0,1,0,1,0,0,1,0,1,1,0,0,1,ID12282
182,0.9591836734693877,0.5625361669588128,0.0,1,0,1,0,0,0,1,0,0,1,0,1,0,1,0,1,1,0,ID12283
183,0.6122448979591837,0.23232527282985774,0.6666666666666666,1,0,1,0,0,0,0,1,0,1,0,1,0,1,0,1,1,0,ID12284
184,0.40816326530612246,0.4234261920448951,0.0,1,0,1,0,0,0,1,0,0,1,0,1,1,0,0,1,1,0,ID12285
185,0.6326530612244898,0.4758714010918529,0.3333333333333333,0,1,0,1,0,0,0,1,0,1,0,1,0,1,0,1,0,1,ID12286
186,0.04081632653061224,0.2281869898232652,0.0,1,0,1,0,0,0,0,1,1,0,1,0,1,0,0,1,0,1,ID12287
187,0.6122448979591837,0.5058132982218805,0.3333333333333333,1,0,0,0,0,1,0,1,1,0,1,0,0,1,1,0,0,1,ID12288
188,0.40816326530612246,0.5136751755845088,0.6666666666666666,0,1,1,0,0,0,0,1,0,1,1,0,0,1,0,1,1,0,ID12289
189,0.46938775510204084,0.28877455029941035,0.0,1,0,1,0,0,0,0,1,1,0,1,0,0,1,1,0,1,0,ID12290
190,1.0,1.0,0.6666666666666666,1,0,0,0,1,0,0,1,0,1,0,1,0,1,1,0,0,1,ID12291
191,0.42857142857142855,0.17176352285063515,0.3333333333333333,0,1,1,0,0,0,0,1,0,1,0,1,1,0,1,0,1,0,ID12292
192,0.9387755102040817,0.7572918525380925,1.0,1,0,0,1,0,0,0,1,1,0,0,1,0,1,1,0,0,1,ID12293
193,0.46938775510204084,0.19333077407917182,0.0,0,1,1,0,0,0,0,1,0,1,1,0,0,1,0,1,0,1,ID12294
194,0.7551020408163265,0.5364778892657412,0.6666666666666666,0,1,0,0,1,0,0,1,0,1,1,0,0,1,1,0,0,1,ID12295
195,0.6938775510204082,0.220691621516938,0.3333333333333333,0,1,1,0,0,0,0,1,1,0,0,1,1,0,0,1,0,1,ID12296
196,0.24489795918367346,0.2372533570422823,0.0,1,0,1,0,0,0,1,0,1,0,1,0,0,1,0,1,0,1,ID12297
197,0.6938775510204082,0.7520506009630069,0.6666666666666666,0,1,1,0,0,0,0,1,0,1,0,1,0,1,1,0,0,1,ID12298
198,0.16326530612244897,0.164700050192813,0.6666666666666666,0,1,1,0,0,0,1,0,1,0,1,0,0,1,0,1,1,0,ID12299
199,0.16326530612244897,0.2719529891050451,0.0,1,0,1,0,0,0,0,1,1,0,0,1,0,1,1,0,0,1,ID12300
200,0.5714285714285714,0.3624411499161417,0.3333333333333333,0,1,0,0,0,1,0,1,0,1,0,1,0,1,1,0,0,1,ID12301
201,0.5714285714285714,0.6299979231153476,0.0,1,0,0,0,0,1,0,1,1,0,0,1,0,1,0,1,1,0,ID12302
202,0.6938775510204082,0.20584886508663983,0.0,0,1,1,0,0,0,0,1,1,0,1,0,0,1,1,0,1,0,ID12303
203,0.3877551020408163,0.24087370941062763,1.0,0,1,1,0,0,0,1,0,0,1,1,0,0,1,1,0,1,0,ID12304
204,0.08163265306122448,0.1333643862289642,0.3333333333333333,0,1,1,0,0,0,0,1,1,0,0,1,0,1,0,1,0,1,ID12305
205,0.0,0.16130510949759178,0.0,0,1,1,0,0,0,1,0,0,1,1,0,0,1,0,1,0,1,ID12306
206,0.9183673469387755,0.9359727606339677,0.0,0,1,1,0,0,0,1,0,0,1,0,1,0,1,1,0,0,1,ID12307
207,0.14285714285714285,0.17114062952490278,0.0,1,0,1,0,0,0,0,1,1,0,0,1,0,1,0,1,1,0,ID12308
208,1.0,0.5962636036374905,0.0,0,1,1,0,0,0,0,1,0,1,0,1,0,1,1,0,1,0,ID12309
209,0.1836734693877551,0.27114253950167505,0.0,0,1,1,0,0,0,1,0,1,0,0,1,1,0,1,0,0,1,ID12310
210,0.8775510204081632,0.33484628730627713,0.0,0,1,1,0,0,0,1,0,0,1,1,0,1,0,1,0,0,1,ID12311
211,0.8163265306122449,0.4836799367608411,0.3333333333333333,0,1,0,0,0,1,0,1,0,1,0,1,0,1,1,0,0,1,ID12312
212,0.08163265306122448,0.16207598300568052,0.0,0,1,1,0,0,0,0,1,0,1,0,1,0,1,1,0,0,1,ID12313
213,0.20408163265306123,0.14043130028637607,0.3333333333333333,0,1,0,0,0,1,1,0,1,0,1,0,0,1,1,0,0,1,ID12314
214,0.10204081632653061,0.08276841325152211,0.0,0,1,1,0,0,0,0,1,1,0,0,1,0,1,1,0,1,0,ID12315
215,0.1836734693877551,0.2167408947879831,0.0,0,1,0,0,1,0,0,1,1,0,0,1,0,1,1,0,1,0,ID12316
216,0.1836734693877551,0.17451320112279106,0.0,1,0,0,0,1,0,0,1,0,1,1,0,0,1,1,0,1,0,ID12317
217,0.4489795918367347,0.4604573723296675,1.0,1,0,1,0,0,0,0,1,0,1,0,1,0,1,0,1,1,0,ID12318
218,0.42857142857142855,0.4590704882950257,0.0,0,1,0,0,0,1,1,0,0,1,0,1,1,0,1,0,0,1,ID12319
219,0.3469387755102041,0.4058182710442876,0.0,1,0,1,0,0,0,0,1,0,1,0,1,0,1,1,0,1,0,ID12320
220,0.3877551020408163,0.3656055168388543,0.6666666666666666,1,0,1,0,0,0,1,0,0,1,1,0,1,0,1,0,1,0,ID12321
221,0.5918367346938775,0.6385498010957072,0.6666666666666666,0,1,1,0,0,0,0,1,1,0,0,1,0,1,1,0,0,1,ID12322
222,0.4897959183673469,0.5901052190717547,0.3333333333333333,1,0,1,0,0,0,0,1,1,0,0,1,0,1,1,0,0,1,ID12323
223,1.0,0.6627411195113764,0.0,1,0,1,0,0,0,0,1,1,0,0,1,0,1,0,1,1,0,ID12324
224,0.7959183673469388,0.7719091972952664,1.0,0,1,0,1,0,0,0,1,1,0,0,1,0,1,1,0,0,1,ID12325
225,0.5918367346938775,0.38579104613213355,0.0,1,0,0,1,0,0,1,0,0,1,0,1,0,1,1,0,0,1,ID12326
226,1.0,0.7822368374639018,0.6666666666666666,0,1,1,0,0,0,0,1,0,1,0,1,0,1,1,0,0,1,ID12327
227,0.7755102040816326,0.3419717051567136,0.0,0,1,0,0,0,1,1,0,1,0,0,1,0,1,1,0,0,1,ID12328
228,0.3877551020408163,0.39588811252826034,0.0,0,1,0,1,0,0,1,0,0,1,1,0,0,1,0,1,0,1,ID12329
229,0.1836734693877551,0.12501383012460104,0.0,0,1,1,0,0,0,1,0,0,1,1,0,1,0,1,0,0,1,ID12330
230,0.8367346938775511,0.43318944268082277,0.0,1,0,1,0,0,0,0,1,0,1,1,0,0,1,0,1,0,1,ID12331
231,0.2653061224489796,0.41219690518376306,0.3333333333333333,0,1,1,0,0,0,1,0,1,0,1,0,0,1,0,1,1,0,ID12332
232,0.2653061224489796,0.1556250794748218,0.0,0,1,0,0,1,0,0,1,1,0,1,0,0,1,0,1,0,1,ID12333
233,0.2857142857142857,0.436887226539936,0.0,1,0,0,0,0,1,0,1,0,1,0,1,0,1,1,0,1,0,ID12334
234,0.7959183673469388,0.626747521202893,1.0,1,0,0,1,0,0,1,0,1,0,0,1,1,0,1,0,1,0,ID12335
235,0.6326530612244898,0.20127180363236286,0.3333333333333333,1,0,1,0,0,0,1,0,1,0,0,1,0,1,0,1,0,1,ID12336
236,0.9591836734693877,0.812887662909404,0.6666666666666666,0,1,0,0,0,1,1,0,0,1,0,1,0,1,1,0,0,1,ID12337
237,0.08163265306122448,0.22115621046154507,0.6666666666666666,1,0,1,0,0,0,0,1,1,0,0,1,0,1,0,1,1,0,ID12338
238,0.16326530612244897,0.224607934249996,0.6666666666666666,1,0,0,1,0,0,0,1,1,0,0,1,1,0,1,0,1,0,ID12339
239,0.10204081632653061,0.13437787840812557,0.0,0,1,1,0,0,0,0,1,0,1,0,1,0,1,1,0,1,0,ID12340
240,0.16326530612244897,0.1081475307355699,0.6666666666666666,1,0,0,1,0,0,0,1,0,1,1,0,1,0,1,0,1,0,ID12341
241,0.8367346938775511,0.87784752156424,0.0,1,0,1,0,0,0,1,0,0,1,0,1,0,1,1,0,0,1,ID12342
242,1.0,0.5204994709708481,0.3333333333333333,0,1,1,0,0,0,0,1,0,1,0,1,0,1,1,0,0,1,ID12343
243,0.32653061224489793,0.25731155455074334,0.0,1,0,1,0,0,0,0,1,0,1,0,1,0,1,1,0,1,0,ID12344
244,0.6530612244897959,0.39251382023057724,0.6666666666666666,0,1,0,1,0,0,0,1,0,1,0,1,1,0,1,0,1,0,ID12345
245,0.5714285714285714,0.5636959186205357,0.0,0,1,0,0,1,0,1,0,0,1,0,1,0,1,0,1,1,0,ID12346
246,0.10204081632653061,0.044601226962195706,1.0,1,0,1,0,0,0,1,0,0,1,1,0,1,0,1,0,1,0,ID12347
247,0.16326530612244897,0.28168182574507594,0.0,0,1,0,1,0,0,0,1,1,0,1,0,0,1,1,0,1,0,ID12348
248,0.4489795918367347,0.2638312860733958,1.0,0,1,0,0,0,1,0,1,1,0,0,1,0,1,1,0,1,0,ID12349
249,0.3673469387755102,0.2807853411519638,1.0,0,1,0,0,0,1,0,1,0,1,1,0,0,1,1,0,1,0,ID12350
250,0.9591836734693877,0.9060773223984008,0.0,0,1,1,0,0,0,1,0,1,0,0,1,0,1,0,1,1,0,ID12351
251,0.5510204081632653,0.53416698944127,0.3333333333333333,1,0,0,0,0,1,0,1,0,1,0,1,0,1,0,1,0,1,ID12352
252,0.10204081632653061,0.15961710299885282,0.6666666666666666,0,1,1,0,0,0,0,1,1,0,1,0,0,1,0,1,1,0,ID12353
253,0.4897959183673469,0.22143152242871963,0.3333333333333333,1,0,0,0,0,1,0,1,1,0,1,0,1,0,1,0,0,1,ID12354
254,0.061224489795918366,0.09661540071054578,1.0,1,0,0,1,0,0,1,0,1,0,0,1,0,1,0,1,1,0,ID12355
255,0.8979591836734694,0.3312104486397782,0.0,1,0,1,0,0,0,1,0,0,1,1,0,0,1,1,0,0,1,ID12356
256,0.6326530612244898,0.36278701057490476,0.6666666666666666,1,0,0,0,1,0,1,0,1,0,0,1,0,1,1,0,1,0,ID12357
257,0.20408163265306123,0.3158652478693865,0.6666666666666666,1,0,0,0,0,1,0,1,1,0,1,0,0,1,0,1,1,0,ID12358
258,0.40816326530612246,0.2835952439169391,1.0,1,0,0,0,0,1,1,0,1,0,1,0,0,1,0,1,1,0,ID12359
259,0.3673469387755102,0.12307632215561011,0.0,0,1,0,0,0,1,1,0,1,0,1,0,1,0,1,0,1,0,ID12360
260,0.08163265306122448,0.20934016497037217,0.0,0,1,0,0,1,0,0,1,1,0,0,1,0,1,1,0,1,0,ID12361
261,0.4489795918367347,0.41069817566245653,0.3333333333333333,1,0,0,0,0,1,0,1,1,0,0,1,0,1,0,1,0,1,ID12362
262,0.4489795918367347,0.28560157987772367,0.0,1,0,0,0,0,1,0,1,1,0,1,0,0,1,1,0,1,0,ID12363
263,0.8571428571428571,0.7114093925086582,0.0,1,0,1,0,0,0,0,1,0,1,0,1,0,1,0,1,1,0,ID12364
264,0.10204081632653061,0.243509821496324,0.0,0,1,1,0,0,0,1,0,0,1,0,1,1,0,1,0,0,1,ID12365
265,0.061224489795918366,0.22210087464891273,0.3333333333333333,0,1,1,0,0,0,0,1,0,1,1,0,1,0,1,0,0,1,ID12366
266,0.8163265306122449,0.4854918336448087,0.0,0,1,0,0,0,1,1,0,0,1,0,1,0,1,1,0,0,1,ID12367
267,0.6122448979591837,0.43674612915675903,0.0,1,0,0,0,1,0,1,0,1,0,0,1,0,1,1,0,0,1,ID12368
268,0.9183673469387755,0.5095162441803782,0.0,1,0,0,0,0,1,0,1,0,1,1,0,0,1,1,0,1,0,ID12369
269,0.04081632653061224,0.20060933421134908,1.0,0,1,0,0,0,1,1,0,0,1,1,0,0,1,0,1,1,0,ID12370
270,1.0,0.9590026066881192,0.6666666666666666,1,0,0,0,1,0,1,0,1,0,0,1,0,1,0,1,0,1,ID12371
271,0.8979591836734694,0.8840971032191025,0.0,1,0,1,0,0,0,1,0,0,1,0,1,0,1,1,0,0,1,ID12372
272,0.3673469387755102,0.1414792064614342,0.0,0,1,0,0,0,1,0,1,1,0,0,1,0,1,1,0,1,0,ID12373
273,0.2653061224489796,0.40256098633265364,0.3333333333333333,0,1,1,0,0,0,0,1,0,1,1,0,0,1,1,0,0,1,ID12374
274,0.4897959183673469,0.3792816388082502,0.0,1,0,1,0,0,0,0,1,0,1,0,1,0,1,1,0,1,0,ID12375
275,0.0,0.074822393668926,0.0,0,1,0,1,0,0,0,1,0,1,1,0,0,1,0,1,0,1,ID12376
276,0.5714285714285714,0.4076077988309222,0.3333333333333333,1,0,0,0,1,0,1,0,1,0,0,1,0,1,0,1,0,1,ID12377
277,0.14285714285714285,0.29857393563102963,0.3333333333333333,0,1,0,0,0,1,0,1,0,1,0,1,0,1,1,0,0,1,ID12378
278,0.9591836734693877,0.33490479109930177,0.0,1,0,0,1,0,0,1,0,1,0,0,1,1,0,0,1,1,0,ID12379
279,0.4489795918367347,0.5499045097648854,0.3333333333333333,0,1,0,0,0,1,0,1,1,0,1,0,0,1,0,1,0,1,ID12380
280,0.2857142857142857,0.2979149076096056,0.3333333333333333,0,1,1,0,0,0,0,1,1,0,1,0,1,0,1,0,0,1,ID12381
281,0.0,0.18232517819136904,0.0,1,0,1,0,0,0,0,1,1,0,0,1,0,1,1,0,1,0,ID12382
282,0.9387755102040817,0.8483099888860001,0.3333333333333333,0,1,1,0,0,0,0,1,0,1,0,1,1,0,1,0,0,1,ID12383
283,0.5102040816326531,0.5878184090444112,1.0,1,0,1,0,0,0,0,1,1,0,0,1,0,1,0,1,1,0,ID12384
284,0.08163265306122448,0.15012744363030492,1.0,1,0,1,0,0,0,0,1,1,0,0,1,0,1,1,0,1,0,ID12385
285,0.14285714285714285,0.07694332823604698,0.0,0,1,0,0,0,1,0,1,1,0,1,0,1,0,1,0,1,0,ID12386
286,0.42857142857142855,0.33831521809267656,0.3333333333333333,0,1,1,0,0,0,0,1,0,1,0,1,0,1,0,1,0,1,ID12387
287,0.8163265306122449,0.3998801360522914,1.0,1,0,1,0,0,0,0,1,1,0,1,0,0,1,1,0,1,0,ID12388
288,0.30612244897959184,0.15696722531479773,0.3333333333333333,0,1,1,0,0,0,0,1,1,0,0,1,1,0,1,0,1,0,ID12389
289,0.6938775510204082,0.5531686772756986,0.3333333333333333,1,0,0,1,0,0,0,1,0,1,0,1,0,1,1,0,0,1,ID12390
290,0.10204081632653061,0.14634534548124448,0.0,0,1,1,0,0,0,1,0,1,0,0,1,0,1,1,0,0,1,ID12391
291,0.5306122448979592,0.5891571134847974,0.0,1,0,1,0,0,0,1,0,0,1,0,1,1,0,1,0,0,1,ID12392
292,0.673469387755102,0.7108140303796432,0.6666666666666666,0,1,0,1,0,0,0,1,0,1,0,1,0,1,0,1,0,1,ID12393
293,0.16326530612244897,0.2742191507348507,0.0,1,0,0,0,0,1,0,1,1,0,0,1,0,1,1,0,1,0,ID12394
294,0.4897959183673469,0.3008039625651436,0.0,0,1,0,0,0,1,0,1,1,0,0,1,1,0,0,1,1,0,ID12395
295,0.32653061224489793,0.47378935434009534,0.0,0,1,0,0,0,1,0,1,0,1,0,1,0,1,0,1,1,0,ID12396
296,0.7346938775510204,0.3367270121820384,0.6666666666666666,1,0,0,1,0,0,1,0,0,1,0,1,0,1,0,1,1,0,ID12397
297,0.0,0.06237588377292337,0.6666666666666666,0,1,0,1,0,0,0,1,1,0,1,0,1,0,1,0,1,0,ID12398
298,0.5918367346938775,0.20863984015387188,0.6666666666666666,1,0,1,0,0,0,1,0,0,1,1,0,0,1,1,0,1,0,ID12399
299,0.12244897959183673,0.14890058467658332,0.0,1,0,1,0,0,0,0,1,1,0,0,1,0,1,1,0,1,0,ID12400
300,0.02040816326530612,0.0541712430111627,0.3333333333333333,1,0,1,0,0,0,0,1,0,1,0,1,0,1,0,1,1,0,ID12401
301,0.3877551020408163,0.17784103452601344,0.0,1,0,0,0,0,1,0,1,1,0,0,1,1,0,1,0,1,0,ID12402
302,0.5510204081632653,0.41670513864624636,0.0,1,0,0,0,0,1,0,1,1,0,0,1,1,0,1,0,1,0,ID12403
303,0.6326530612244898,0.6271622098534498,1.0,0,1,0,1,0,0,0,1,1,0,0,1,0,1,0,1,1,0,ID12404
304,1.0,0.9013694877597159,1.0,1,0,0,1,0,0,1,0,1,0,0,1,0,1,1,0,0,1,ID12405
305,0.3469387755102041,0.11195888078114263,0.0,1,0,0,1,0,0,0,1,1,0,1,0,0,1,1,0,1,0,ID12406
306,0.9183673469387755,0.8105027729937544,0.6666666666666666,0,1,1,0,0,0,1,0,0,1,0,1,0,1,1,0,0,1,ID12407
307,0.40816326530612246,0.3659444946984379,0.0,0,1,0,1,0,0,1,0,0,1,0,1,0,1,1,0,0,1,ID12408
308,0.6122448979591837,0.35565470992528897,0.6666666666666666,0,1,0,0,0,1,1,0,0,1,0,1,0,1,1,0,1,0,ID12409
309,0.20408163265306123,0.11883995926071167,0.3333333333333333,1,0,1,0,0,0,1,0,1,0,0,1,0,1,1,0,1,0,ID12410
310,0.5714285714285714,0.4412646868180114,0.0,0,1,0,0,0,1,0,1,1,0,0,1,0,1,1,0,1,0,ID12411
311,0.9795918367346939,0.5442950284337038,0.3333333333333333,0,1,1,0,0,0,1,0,1,0,0,1,0,1,1,0,0,1,ID12412
312,0.8775510204081632,0.4430146385093647,0.6666666666666666,1,0,0,0,0,1,1,0,0,1,1,0,0,1,1,0,0,1,ID12413
313,0.0,0.19092351506618926,0.6666666666666666,1,0,0,1,0,0,1,0,0,1,0,1,0,1,1,0,1,0,ID12414
314,0.7346938775510204,0.224077958713185,0.0,1,0,0,0,0,1,0,1,0,1,0,1,1,0,1,0,1,0,ID12415
315,0.5510204081632653,0.6472255694612954,0.0,0,1,0,1,0,0,1,0,0,1,0,1,0,1,0,1,1,0,ID12416
316,0.8571428571428571,0.2941689441562368,0.6666666666666666,0,1,1,0,0,0,1,0,0,1,0,1,0,1,1,0,1,0,ID12417
317,0.5510204081632653,0.5622367651945105,0.3333333333333333,1,0,0,0,0,1,1,0,1,0,0,1,0,1,0,1,0,1,ID12418
318,0.2653061224489796,0.3124376138780633,0.6666666666666666,1,0,1,0,0,0,1,0,1,0,0,1,1,0,1,0,1,0,ID12419
319,0.42857142857142855,0.29143647288202934,0.0,0,1,0,0,1,0,1,0,0,1,0,1,0,1,0,1,1,0,ID12420
320,0.7142857142857143,0.5693656244445366,0.6666666666666666,0,1,1,0,0,0,1,0,0,1,0,1,0,1,1,0,0,1,ID12421
321,0.3469387755102041,0.3074665121707678,0.0,0,1,0,1,0,0,0,1,0,1,1,0,1,0,0,1,0,1,ID12422
322,0.14285714285714285,0.10374942205995642,0.3333333333333333,1,0,0,0,0,1,0,1,0,1,0,1,1,0,0,1,1,0,ID12423
323,0.2857142857142857,0.3271633627223123,0.0,0,1,0,0,0,1,1,0,1,0,0,1,0,1,1,0,0,1,ID12424
324,0.3673469387755102,0.4040356260568323,0.0,0,1,0,0,1,0,0,1,1,0,0,1,0,1,1,0,1,0,ID12425
325,0.12244897959183673,0.07658834786837126,0.0,1,0,0,0,0,1,1,0,1,0,1,0,0,1,1,0,0,1,ID12426
326,0.42857142857142855,0.5134239534144621,0.3333333333333333,0,1,1,0,0,0,0,1,1,0,0,1,1,0,0,1,0,1,ID12427
327,0.12244897959183673,0.2796858139830604,0.0,0,1,1,0,0,0,0,1,1,0,1,0,0,1,0,1,0,1,ID12428
328,0.7959183673469388,0.7886825788953761,0.3333333333333333,1,0,0,1,0,0,1,0,1,0,0,1,1,0,0,1,0,1,ID12429
329,0.1836734693877551,0.2330118320479993,1.0,1,0,0,0,0,1,0,1,1,0,1,0,0,1,1,0,1,0,ID12430
330,0.9795918367346939,0.8217320598548865,1.0,1,0,0,1,0,0,0,1,0,1,0,1,0,1,1,0,0,1,ID12431
331,0.0,0.11334576481578446,0.6666666666666666,1,0,1,0,0,0,0,1,1,0,0,1,0,1,0,1,1,0,ID12432
332,0.30612244897959184,0.42204447010963786,0.0,1,0,0,0,0,1,0,1,1,0,0,1,1,0,1,0,1,0,ID12433
333,0.6122448979591837,0.22105468917364943,0.6666666666666666,0,1,0,0,1,0,0,1,1,0,0,1,0,1,1,0,1,0,ID12434
334,0.10204081632653061,0.27579014964754045,0.3333333333333333,1,0,0,0,1,0,0,1,1,0,1,0,0,1,1,0,0,1,ID12435
335,0.5306122448979592,0.37294258076405606,0.3333333333333333,0,1,0,0,0,1,0,1,1,0,0,1,1,0,0,1,0,1,ID12436
336,0.42857142857142855,0.37659906782809316,0.6666666666666666,0,1,1,0,0,0,0,1,1,0,1,0,1,0,0,1,1,0,ID12437
337,0.9591836734693877,0.5689784669906974,0.3333333333333333,0,1,1,0,0,0,0,1,0,1,0,1,1,0,0,1,1,0,ID12438
338,0.8571428571428571,0.5599138204714752,0.6666666666666666,0,1,0,0,1,0,0,1,0,1,0,1,0,1,0,1,0,1,ID12439
339,0.04081632653061224,0.22662287370975476,0.0,0,1,1,0,0,0,0,1,1,0,1,0,0,1,0,1,0,1,ID12440
340,0.5510204081632653,0.4103987738981542,0.0,1,0,0,0,1,0,0,1,1,0,0,1,0,1,1,0,1,0,ID12441
341,0.9795918367346939,0.7456117423307119,0.3333333333333333,0,1,0,1,0,0,0,1,0,1,0,1,1,0,1,0,0,1,ID12442
342,0.9387755102040817,0.8274860799688347,0.0,0,1,1,0,0,0,0,1,0,1,0,1,0,1,1,0,1,0,ID12443
343,0.673469387755102,0.24782533658178513,0.0,1,0,1,0,0,0,0,1,1,0,0,1,0,1,1,0,1,0,ID12444
344,0.32653061224489793,0.3204612370214067,0.6666666666666666,0,1,0,1,0,0,0,1,0,1,0,1,0,1,1,0,1,0,ID12445
345,0.9591836734693877,0.642922099274398,0.3333333333333333,1,0,0,0,0,1,0,1,1,0,0,1,0,1,1,0,0,1,ID12446
346,0.6530612244897959,0.5976177943760305,0.0,0,1,0,1,0,0,0,1,0,1,0,1,1,0,0,1,1,0,ID12447
347,0.9795918367346939,0.6913012947061467,0.0,1,0,1,0,0,0,0,1,1,0,0,1,1,0,1,0,1,0,ID12448
348,0.9183673469387755,0.566397417298436,0.0,0,1,1,0,0,0,0,1,1,0,0,1,1,0,0,1,1,0,ID12449
349,0.7142857142857143,0.3274111434927694,0.3333333333333333,1,0,1,0,0,0,1,0,1,0,1,0,0,1,1,0,0,1,ID12450
350,0.30612244897959184,0.4507010044929192,0.0,1,0,1,0,0,0,1,0,0,1,1,0,0,1,0,1,0,1,ID12451
351,0.40816326530612246,0.33398937880844637,0.0,0,1,0,0,0,1,0,1,1,0,0,1,0,1,0,1,1,0,ID12452
352,0.7755102040816326,0.33714686293197954,0.3333333333333333,1,0,0,1,0,0,1,0,1,0,0,1,0,1,0,1,1,0,ID12453
353,0.6122448979591837,0.6546022094817786,0.3333333333333333,0,1,0,0,0,1,1,0,0,1,0,1,0,1,1,0,0,1,ID12454
354,0.6326530612244898,0.4333460263621533,0.0,1,0,0,0,1,0,0,1,0,1,1,0,0,1,0,1,0,1,ID12455
355,0.7346938775510204,0.7772726185557857,0.6666666666666666,1,0,0,1,0,0,0,1,1,0,0,1,0,1,0,1,0,1,ID12456
356,0.46938775510204084,0.30803778450265495,0.0,1,0,0,0,1,0,0,1,1,0,1,0,0,1,1,0,1,0,ID12457
357,0.02040816326530612,0.07878258424675247,0.0,0,1,0,1,0,0,1,0,1,0,0,1,0,1,1,0,0,1,ID12458
358,0.6938775510204082,0.5031221237427492,1.0,1,0,1,0,0,0,1,0,0,1,1,0,0,1,1,0,1,0,ID12459
359,0.6938775510204082,0.30590755815664183,0.3333333333333333,1,0,1,0,0,0,0,1,0,1,0,1,1,0,1,0,0,1,ID12460
360,0.9387755102040817,0.801959498512369,0.6666666666666666,1,0,0,0,0,1,1,0,0,1,0,1,0,1,1,0,0,1,ID12461
361,0.7755102040816326,0.25646497025168163,1.0,0,1,0,0,0,1,0,1,1,0,0,1,0,1,0,1,1,0,ID12462
362,0.7755102040816326,0.4234795337385352,0.6666666666666666,0,1,0,0,0,1,0,1,1,0,1,0,0,1,1,0,1,0,ID12463
363,0.02040816326530612,0.12965111607169744,0.0,1,0,0,0,0,1,0,1,1,0,0,1,0,1,1,0,1,0,ID12464
364,0.7755102040816326,0.7964274486719554,0.3333333333333333,1,0,0,0,0,1,0,1,0,1,0,1,1,0,1,0,0,1,ID12465
365,0.1836734693877551,0.21251657679164856,0.6666666666666666,0,1,1,0,0,0,0,1,0,1,0,1,1,0,1,0,0,1,ID12466
366,0.8367346938775511,0.42764018584246066,0.3333333333333333,1,0,1,0,0,0,1,0,0,1,1,0,0,1,1,0,0,1,ID12467
367,0.7755102040816326,0.7353580922532547,0.0,0,1,1,0,0,0,0,1,0,1,0,1,0,1,0,1,1,0,ID12468
368,0.061224489795918366,0.10784124617208822,0.0,0,1,0,0,0,1,0,1,1,0,0,1,0,1,0,1,1,0,ID12469
369,0.9387755102040817,0.5000283055116252,1.0,0,1,1,0,0,0,0,1,1,0,0,1,1,0,0,1,1,0,ID12470
370,0.8979591836734694,0.7202193754582439,0.0,0,1,1,0,0,0,0,1,1,0,0,1,0,1,1,0,1,0,ID12471
371,0.5306122448979592,0.5753932358258644,0.6666666666666666,1,0,1,0,0,0,1,0,1,0,0,1,0,1,1,0,0,1,ID12472
372,0.12244897959183673,0.047184169424231474,0.0,1,0,1,0,0,0,1,0,1,0,1,0,1,0,1,0,0,1,ID12473
373,0.6938775510204082,0.4026366971236266,0.0,1,0,1,0,0,0,0,1,1,0,1,0,0,1,1,0,1,0,ID12474
374,1.0,0.7258667121849119,0.6666666666666666,1,0,0,0,1,0,0,1,1,0,0,1,0,1,1,0,0,1,ID12475
375,0.46938775510204084,0.27276688010800487,0.0,0,1,1,0,0,0,0,1,0,1,0,1,0,1,1,0,1,0,ID12476
376,0.8163265306122449,0.485066820795483,0.3333333333333333,1,0,0,0,0,1,1,0,1,0,1,0,1,0,0,1,0,1,ID12477
377,0.4489795918367347,0.3408584123894515,0.6666666666666666,0,1,1,0,0,0,1,0,1,0,1,0,0,1,1,0,1,0,ID12478
378,0.02040816326530612,0.22321932951555934,0.0,0,1,0,0,1,0,0,1,1,0,1,0,0,1,0,1,0,1,ID12479
379,0.04081632653061224,0.08423875122621369,1.0,1,0,1,0,0,0,0,1,1,0,1,0,0,1,1,0,1,0,ID12480
380,0.7755102040816326,0.37044240396215217,0.0,1,0,0,0,0,1,1,0,0,1,0,1,0,1,1,0,0,1,ID12481
381,0.5714285714285714,0.4743847164691103,0.6666666666666666,1,0,1,0,0,0,0,1,0,1,0,1,0,1,1,0,1,0,ID12482
382,0.24489795918367346,0.16505623505034508,0.3333333333333333,0,1,1,0,0,0,0,1,1,0,1,0,0,1,1,0,1,0,ID12483
383,0.4489795918367347,0.5131572449462618,0.3333333333333333,1,0,0,0,0,1,0,1,0,1,0,1,0,1,1,0,0,1,ID12484
384,0.3673469387755102,0.37694664918665105,0.0,1,0,0,0,0,1,0,1,1,0,1,0,0,1,1,0,1,0,ID12485
385,0.7959183673469388,0.5718589184472612,1.0,1,0,1,0,0,0,1,0,0,1,1,0,0,1,0,1,1,0,ID12486
386,0.6326530612244898,0.1836828103294985,0.0,0,1,1,0,0,0,1,0,1,0,1,0,0,1,1,0,1,0,ID12487
387,0.8775510204081632,0.4326439808458582,0.3333333333333333,0,1,1,0,0,0,1,0,0,1,1,0,1,0,1,0,0,1,ID12488
388,0.22448979591836735,0.1656688041773085,0.0,0,1,1,0,0,0,1,0,0,1,1,0,0,1,1,0,0,1,ID12489
389,0.6122448979591837,0.18788475922850015,0.0,1,0,1,0,0,0,0,1,1,0,0,1,1,0,1,0,1,0,ID12490
390,0.7755102040816326,0.6757891860556554,0.0,1,0,1,0,0,0,0,1,1,0,0,1,0,1,1,0,1,0,ID12491
391,0.4489795918367347,0.2956659529777484,0.0,0,1,0,0,0,1,1,0,0,1,1,0,0,1,1,0,0,1,ID12492
392,0.8163265306122449,0.5718589184472612,1.0,1,0,0,0,0,1,0,1,0,1,0,1,1,0,1,0,1,0,ID12493
393,0.8571428571428571,0.2931898659729723,0.6666666666666666,1,0,1,0,0,0,0,1,0,1,0,1,1,0,0,1,1,0,ID12494
394,0.8163265306122449,0.35195692606617573,0.0,1,0,0,0,1,0,1,0,0,1,1,0,1,0,0,1,0,1,ID12495
395,1.0,0.3178423319336588,1.0,1,0,0,0,0,1,0,1,0,1,1,0,1,0,0,1,1,0,ID12496
396,0.4489795918367347,0.35712074615049344,0.0,0,1,0,1,0,0,0,1,0,1,0,1,1,0,1,0,1,0,ID12497
397,0.6122448979591837,0.5018935440892327,0.6666666666666666,0,1,1,0,0,0,0,1,1,0,0,1,0,1,1,0,0,1,ID12498
398,0.9387755102040817,0.9021678924645222,0.3333333333333333,1,0,1,0,0,0,1,0,1,0,0,1,0,1,1,0,0,1,ID12499
399,0.5102040816326531,0.568615399333986,0.0,0,1,0,0,0,1,0,1,0,1,0,1,1,0,0,1,1,0,ID12500
400,0.32653061224489793,0.24893518794945754,0.0,1,0,0,1,0,0,1,0,1,0,1,0,0,1,0,1,0,1,ID12501
401,0.16326530612244897,0.25035476528020134,1.0,0,1,0,1,0,0,1,0,0,1,1,0,1,0,0,1,1,0,ID12502
402,0.6122448979591837,0.5778830884289994,0.0,0,1,1,0,0,0,0,1,0,1,1,0,0,1,1,0,1,0,ID12503
403,0.3469387755102041,0.270839696337783,0.0,0,1,1,0,0,0,1,0,1,0,1,0,1,0,0,1,0,1,ID12504
404,0.12244897959183673,0.15228864257262514,1.0,1,0,1,0,0,0,0,1,1,0,0,1,0,1,1,0,0,1,ID12505
405,0.5918367346938775,0.5434794167309491,1.0,0,1,0,0,1,0,0,1,0,1,0,1,0,1,1,0,0,1,ID12506
406,0.6938775510204082,0.702766317439172,0.3333333333333333,0,1,0,0,1,0,1,0,1,0,0,1,0,1,1,0,0,1,ID12507
407,0.2653061224489796,0.2985085490388257,0.0,0,1,0,0,1,0,1,0,1,0,0,1,0,1,1,0,0,1,ID12508
408,0.46938775510204084,0.29199914171494235,0.3333333333333333,1,0,0,0,1,0,0,1,0,1,1,0,1,0,1,0,0,1,ID12509
409,0.10204081632653061,0.10425358709984481,0.6666666666666666,0,1,0,0,1,0,0,1,1,0,0,1,1,0,1,0,1,0,ID12510
410,0.1836734693877551,0.2261737710633013,0.3333333333333333,1,0,1,0,0,0,1,0,0,1,1,0,0,1,0,1,0,1,ID12511
411,0.08163265306122448,0.039403853231878574,0.0,0,1,1,0,0,0,1,0,0,1,0,1,0,1,0,1,1,0,ID12512
412,1.0,0.9133094236361174,0.6666666666666666,1,0,1,0,0,0,1,0,0,1,0,1,0,1,1,0,0,1,ID12513
413,0.16326530612244897,0.1979560151277043,0.0,1,0,1,0,0,0,0,1,0,1,1,0,0,1,1,0,0,1,ID12514
414,0.8163265306122449,0.7131834339971392,0.0,1,0,0,0,1,0,0,1,1,0,0,1,0,1,1,0,1,0,ID12515
415,0.1836734693877551,0.2588705085648693,0.0,0,1,0,1,0,0,0,1,1,0,0,1,0,1,0,1,1,0,ID12516
416,0.3673469387755102,0.12937924550411256,0.3333333333333333,0,1,1,0,0,0,1,0,1,0,0,1,1,0,0,1,1,0,ID12517
417,0.2653061224489796,0.3068745914413425,0.3333333333333333,0,1,0,1,0,0,0,1,0,1,1,0,1,0,1,0,0,1,ID12518
418,0.20408163265306123,0.35593002189246353,0.6666666666666666,1,0,0,0,0,1,0,1,0,1,0,1,1,0,1,0,0,1,ID12519
419,0.7959183673469388,0.285608462676903,0.0,0,1,0,0,0,1,0,1,1,0,0,1,0,1,0,1,1,0,ID12520
420,0.9387755102040817,0.7560185346899102,0.0,0,1,1,0,0,0,0,1,0,1,0,1,0,1,0,1,1,0,ID12521
421,0.6326530612244898,0.6267440798033034,0.3333333333333333,0,1,1,0,0,0,1,0,1,0,0,1,1,0,1,0,0,1,ID12522
422,0.08163265306122448,0.11006955240640727,0.3333333333333333,0,1,1,0,0,0,0,1,0,1,1,0,0,1,1,0,1,0,ID12523
423,0.8163265306122449,0.6698063128689933,0.0,1,0,1,0,0,0,0,1,0,1,0,1,0,1,1,0,1,0,ID12524
424,0.04081632653061224,0.21036053994871284,0.3333333333333333,0,1,0,0,0,1,1,0,0,1,1,0,0,1,1,0,0,1,ID12525
425,0.5306122448979592,0.4383394971667818,0.0,1,0,0,1,0,0,0,1,1,0,0,1,0,1,1,0,1,0,ID12526
426,0.9591836734693877,0.4276298616436916,1.0,1,0,0,0,0,1,0,1,1,0,0,1,1,0,1,0,1,0,ID12527
427,0.7142857142857143,0.4675174035879,0.6666666666666666,1,0,1,0,0,0,0,1,0,1,1,0,1,0,1,0,0,1,ID12528
428,0.32653061224489793,0.2115512642067428,0.3333333333333333,1,0,1,0,0,0,0,1,0,1,1,0,0,1,0,1,0,1,ID12529
429,0.3469387755102041,0.3931745689517962,0.6666666666666666,0,1,0,1,0,0,1,0,1,0,0,1,0,1,0,1,1,0,ID12530
430,0.6122448979591837,0.4113572036838806,0.0,0,1,0,0,0,1,0,1,1,0,0,1,1,0,0,1,1,0,ID12531
431,0.9387755102040817,0.9180465101713147,0.3333333333333333,1,0,0,0,0,1,0,1,0,1,0,1,0,1,1,0,0,1,ID12532
432,0.5714285714285714,0.20364636934924338,0.0,0,1,0,0,0,1,1,0,0,1,0,1,0,1,0,1,1,0,ID12533
433,0.4897959183673469,0.39789961058842943,0.0,1,0,0,1,0,0,0,1,1,0,1,0,0,1,0,1,0,1,ID12534
434,0.5918367346938775,0.3101387589521558,0.0,0,1,1,0,0,0,0,1,0,1,0,1,1,0,1,0,1,0,ID12535
435,0.10204081632653061,0.11567731303779397,0.6666666666666666,0,1,0,0,0,1,1,0,0,1,0,1,0,1,0,1,1,0,ID12536
436,0.3469387755102041,0.19728322150792152,0.0,0,1,1,0,0,0,0,1,0,1,1,0,1,0,0,1,0,1,ID12537
437,0.9387755102040817,0.4542903842649575,0.3333333333333333,1,0,1,0,0,0,1,0,0,1,0,1,1,0,0,1,0,1,ID12538
438,0.0,0.12222285505736898,0.3333333333333333,1,0,0,0,1,0,0,1,1,0,1,0,0,1,1,0,1,0,ID12539
439,0.02040816326530612,0.17900250688753108,0.3333333333333333,0,1,1,0,0,0,0,1,0,1,1,0,0,1,1,0,1,0,ID12540
440,0.4489795918367347,0.419857460670395,0.3333333333333333,0,1,1,0,0,0,0,1,1,0,0,1,1,0,0,1,0,1,ID12541
441,0.5918367346938775,0.682565301847739,0.0,0,1,1,0,0,0,0,1,0,1,0,1,0,1,1,0,1,0,ID12542
442,0.5102040816326531,0.5380075913833549,0.0,1,0,0,1,0,0,0,1,0,1,0,1,0,1,1,0,1,0,ID12543
443,0.40816326530612246,0.48676171009340136,0.0,0,1,0,0,0,1,1,0,0,1,1,0,0,1,0,1,0,1,ID12544
444,0.061224489795918366,0.18554116610792676,0.0,1,0,0,1,0,0,0,1,1,0,0,1,0,1,1,0,0,1,ID12545
445,0.4489795918367347,0.46201804704358823,0.0,0,1,0,1,0,0,0,1,0,1,0,1,0,1,1,0,1,0,ID12546
446,0.6938775510204082,0.6660018456226,0.0,1,0,0,0,0,1,0,1,1,0,0,1,0,1,1,0,1,0,ID12547
447,0.3469387755102041,0.44368743212914746,0.6666666666666666,1,0,0,0,0,1,0,1,1,0,1,0,0,1,1,0,0,1,ID12548
448,0.7142857142857143,0.7563747195474422,1.0,0,1,0,1,0,0,0,1,0,1,0,1,1,0,1,0,0,1,ID12549
449,0.40816326530612246,0.4998149387370649,0.0,1,0,0,1,0,0,1,0,0,1,0,1,0,1,1,0,0,1,ID12550
450,0.4897959183673469,0.41166692964695195,1.0,0,1,1,0,0,0,0,1,0,1,1,0,1,0,1,0,1,0,ID12551
451,0.5102040816326531,0.5768781997488123,0.0,0,1,0,0,0,1,1,0,0,1,0,1,1,0,0,1,1,0,ID12552
452,0.8367346938775511,0.3790854790316383,0.0,1,0,1,0,0,0,1,0,1,0,1,0,0,1,1,0,0,1,ID12553
453,0.8367346938775511,0.7961693437027292,0.0,1,0,0,1,0,0,1,0,0,1,0,1,0,1,0,1,1,0,ID12554
454,0.12244897959183673,0.19509277066908898,0.0,0,1,1,0,0,0,1,0,1,0,0,1,0,1,0,1,1,0,ID12555
455,0.1836734693877551,0.117905619272113,0.0,1,0,1,0,0,0,0,1,0,1,0,1,0,1,1,0,1,0,ID12556
456,0.2857142857142857,0.1420160647974246,0.0,1,0,0,0,0,1,0,1,0,1,0,1,0,1,0,1,1,0,ID12557
457,0.9591836734693877,0.9728903747322806,0.0,1,0,1,0,0,0,0,1,1,0,0,1,0,1,1,0,1,0,ID12558
458,0.0,0.14945981210990664,0.3333333333333333,0,1,0,0,1,0,1,0,1,0,0,1,0,1,1,0,1,0,ID12559
459,0.9795918367346939,0.7218282297664202,0.3333333333333333,0,1,0,0,0,1,0,1,1,0,0,1,0,1,1,0,0,1,ID12560
460,0.46938775510204084,0.31766509985479013,0.0,0,1,1,0,0,0,0,1,0,1,1,0,0,1,0,1,0,1,ID12561
461,0.9387755102040817,0.33622284714214995,0.0,1,0,0,0,1,0,0,1,0,1,0,1,1,0,0,1,1,0,ID12562
462,0.10204081632653061,0.22430681178589884,0.0,1,0,1,0,0,0,0,1,0,1,1,0,0,1,0,1,0,1,ID12563
463,0.22448979591836735,0.17591385075579158,0.6666666666666666,1,0,0,1,0,0,0,1,0,1,1,0,0,1,1,0,1,0,ID12564
464,0.20408163265306123,0.267410341646665,0.0,0,1,0,0,0,1,1,0,0,1,0,1,0,1,1,0,0,1,ID12565
465,0.7959183673469388,0.40277263240741906,0.6666666666666666,1,0,0,0,0,1,0,1,0,1,0,1,0,1,0,1,1,0,ID12566
466,0.40816326530612246,0.2901493894354883,0.0,0,1,1,0,0,0,0,1,1,0,1,0,0,1,1,0,1,0,ID12567
467,0.32653061224489793,0.13414558393582204,1.0,1,0,0,0,1,0,1,0,1,0,0,1,0,1,1,0,0,1,ID12568
468,0.5102040816326531,0.17370791361880544,0.0,0,1,0,0,1,0,0,1,1,0,1,0,0,1,1,0,0,1,ID12569
469,0.9183673469387755,0.5575151649574669,1.0,0,1,0,0,0,1,1,0,0,1,0,1,0,1,1,0,1,0,ID12570
470,0.8979591836734694,0.6281825848317905,0.0,1,0,1,0,0,0,0,1,1,0,0,1,0,1,0,1,1,0,ID12571
471,0.673469387755102,0.3503102163625129,0.0,1,0,1,0,0,0,0,1,0,1,0,1,0,1,1,0,1,0,ID12572
472,0.8775510204081632,0.2774729940468949,0.6666666666666666,0,1,1,0,0,0,0,1,0,1,0,1,1,0,1,0,1,0,ID12573
473,0.46938775510204084,0.3913454650698802,0.0,1,0,0,0,0,1,1,0,1,0,0,1,0,1,1,0,0,1,ID12574
474,0.2653061224489796,0.30394251899093344,0.3333333333333333,1,0,0,0,0,1,1,0,0,1,0,1,0,1,0,1,0,1,ID12575
475,0.30612244897959184,0.12327592333181166,0.6666666666666666,1,0,0,0,0,1,0,1,1,0,0,1,0,1,0,1,1,0,ID12576
476,0.5102040816326531,0.3629384321568508,0.3333333333333333,0,1,0,1,0,0,1,0,1,0,1,0,0,1,1,0,0,1,ID12577
477,0.4489795918367347,0.3854950857674209,0.0,0,1,1,0,0,0,0,1,1,0,0,1,0,1,0,1,1,0,ID12578
478,0.5918367346938775,0.31528365133873026,0.6666666666666666,0,1,0,0,0,1,0,1,1,0,0,1,0,1,0,1,1,0,ID12579
479,0.5714285714285714,0.6604267782873152,0.3333333333333333,0,1,0,0,0,1,1,0,0,1,0,1,0,1,1,0,0,1,ID12580
480,0.24489795918367346,0.11222386854954816,0.6666666666666666,0,1,0,1,0,0,0,1,1,0,1,0,0,1,0,1,1,0,ID12581
481,0.5918367346938775,0.6821609373959514,0.6666666666666666,0,1,1,0,0,0,1,0,0,1,0,1,0,1,1,0,0,1,ID12582
482,0.5306122448979592,0.4774647691018756,0.0,0,1,0,1,0,0,1,0,1,0,0,1,0,1,0,1,1,0,ID12583
483,0.10204081632653061,0.1959806517632269,0.0,0,1,0,1,0,0,0,1,0,1,0,1,1,0,1,0,1,0,ID12584
484,0.20408163265306123,0.2782455882547785,0.3333333333333333,1,0,1,0,0,0,0,1,0,1,0,1,0,1,1,0,0,1,ID12585
485,0.9387755102040817,0.7726473775072532,0.0,1,0,1,0,0,0,0,1,0,1,0,1,0,1,0,1,1,0,ID12586
486,0.3469387755102041,0.2858011810539252,0.0,1,0,0,0,0,1,0,1,1,0,0,1,1,0,0,1,1,0,ID12587
487,0.02040816326530612,0.19980232600756873,0.3333333333333333,0,1,0,1,0,0,0,1,1,0,1,0,0,1,1,0,0,1,ID12588
488,0.1836734693877551,0.15486797156509177,1.0,1,0,0,0,0,1,0,1,1,0,0,1,1,0,1,0,1,0,ID12589
489,0.1836734693877551,0.26490328204558167,0.6666666666666666,0,1,1,0,0,0,0,1,1,0,0,1,1,0,1,0,0,1,ID12590
490,0.8163265306122449,0.458688492940571,0.3333333333333333,1,0,1,0,0,0,0,1,0,1,0,1,1,0,0,1,0,1,ID12591
491,0.5714285714285714,0.20880674803397145,0.3333333333333333,1,0,0,0,0,1,1,0,0,1,0,1,0,1,1,0,0,1,ID12592
492,0.8775510204081632,0.3913230959725473,0.0,1,0,0,0,0,1,0,1,0,1,0,1,1,0,0,1,0,1,ID12593
493,0.8367346938775511,0.6183453441046847,0.0,0,1,1,0,0,0,1,0,1,0,0,1,0,1,1,0,0,1,ID12594
494,0.5918367346938775,0.6664096514739772,1.0,1,0,0,1,0,0,0,1,1,0,0,1,0,1,1,0,1,0,ID12595
495,0.5306122448979592,0.5754999192131447,0.0,0,1,1,0,0,0,0,1,1,0,1,0,1,0,0,1,0,1,ID12596
496,0.6530612244897959,0.6187411050574981,0.6666666666666666,0,1,0,0,0,1,1,0,0,1,0,1,0,1,0,1,0,1,ID12597
497,0.9387755102040817,0.7153583985378182,0.0,0,1,1,0,0,0,1,0,1,0,0,1,0,1,1,0,0,1,ID12598
498,0.673469387755102,0.6673801261582676,0.0,1,0,0,0,0,1,1,0,1,0,0,1,0,1,0,1,1,0,ID12599
499,0.5714285714285714,0.23914268541701764,0.0,1,0,0,0,0,1,0,1,0,1,1,0,0,1,1,0,0,1,ID12600
500,0.42857142857142855,0.3914865624530572,1.0,1,0,1,0,0,0,0,1,0,1,0,1,1,0,1,0,1,0,ID12601
501,0.8163265306122449,0.48167704219964635,0.3333333333333333,1,0,1,0,0,0,1,0,0,1,1,0,0,1,1,0,0,1,ID12602
502,0.2857142857142857,0.3666998819083731,0.0,1,0,0,0,0,1,0,1,0,1,1,0,1,0,1,0,1,0,ID12603
503,0.08163265306122448,0.17712866481094933,0.0,1,0,1,0,0,0,1,0,0,1,0,1,0,1,0,1,1,0,ID12604
504,0.9183673469387755,0.9427953353205122,0.3333333333333333,1,0,1,0,0,0,0,1,0,1,0,1,0,1,1,0,0,1,ID12605
505,0.3469387755102041,0.40684380812201276,0.0,1,0,0,0,0,1,0,1,0,1,0,1,0,1,1,0,1,0,ID12606
506,0.8367346938775511,0.31249267627149824,0.0,1,0,1,0,0,0,0,1,1,0,1,0,1,0,0,1,0,1,ID12607
507,0.08163265306122448,0.113242522828094,0.0,1,0,0,0,1,0,1,0,0,1,0,1,0,1,1,0,0,1,ID12608
508,0.8571428571428571,0.7811235446966398,0.6666666666666666,0,1,0,0,1,0,1,0,1,0,0,1,0,1,0,1,0,1,ID12609
509,0.10204081632653061,0.10670214290790349,0.6666666666666666,1,0,0,1,0,0,0,1,0,1,0,1,0,1,1,0,0,1,ID12610
510,0.22448979591836735,0.14305192607391887,0.0,1,0,0,0,0,1,0,1,1,0,0,1,1,0,1,0,1,0,ID12611
511,0.5306122448979592,0.19056044740947786,1.0,0,1,1,0,0,0,0,1,1,0,0,1,0,1,1,0,1,0,ID12612
512,0.9183673469387755,0.6698476096640695,0.0,1,0,0,0,0,1,0,1,0,1,0,1,0,1,0,1,1,0,ID12613
513,0.14285714285714285,0.1633131661581712,1.0,1,0,0,1,0,0,1,0,1,0,0,1,0,1,1,0,1,0,ID12614
514,0.3877551020408163,0.4968037140960932,0.0,0,1,1,0,0,0,1,0,0,1,0,1,1,0,1,0,0,1,ID12615
515,0.6122448979591837,0.20043210213248047,0.3333333333333333,1,0,1,0,0,0,0,1,1,0,0,1,0,1,1,0,0,1,ID12616
516,0.3469387755102041,0.26237901544654996,0.0,1,0,0,0,0,1,1,0,1,0,0,1,1,0,1,0,0,1,ID12617
517,0.673469387755102,0.4921406176520742,0.3333333333333333,0,1,0,0,0,1,0,1,1,0,0,1,1,0,0,1,0,1,ID12618
518,0.1836734693877551,0.29239662336755057,1.0,1,0,0,0,0,1,1,0,1,0,1,0,0,1,1,0,1,0,ID12619
519,0.7755102040816326,0.41239822705975937,1.0,1,0,1,0,0,0,0,1,0,1,0,1,0,1,0,1,1,0,ID12620
520,0.40816326530612246,0.12302470116176488,0.6666666666666666,1,0,1,0,0,0,0,1,0,1,1,0,0,1,1,0,0,1,ID12621
521,0.3673469387755102,0.2105016373318898,0.6666666666666666,1,0,0,0,0,1,0,1,0,1,0,1,0,1,1,0,1,0,ID12622
522,0.1836734693877551,0.13196717799555338,1.0,0,1,0,0,1,0,1,0,1,0,0,1,0,1,0,1,1,0,ID12623
523,0.32653061224489793,0.1940397023946463,0.0,1,0,0,0,0,1,0,1,0,1,0,1,1,0,0,1,1,0,ID12624
524,0.5306122448979592,0.23561697153738848,0.0,0,1,0,0,1,0,0,1,0,1,0,1,0,1,0,1,0,1,ID12625
525,0.5102040816326531,0.24627842746622314,0.3333333333333333,1,0,1,0,0,0,0,1,1,0,1,0,0,1,1,0,0,1,ID12626
526,0.2857142857142857,0.16342501164483586,0.6666666666666666,0,1,1,0,0,0,1,0,1,0,0,1,1,0,0,1,1,0,ID12627
527,0.061224489795918366,0.09735358092253255,0.3333333333333333,1,0,0,0,0,1,1,0,1,0,0,1,0,1,0,1,1,0,ID12628
528,0.24489795918367346,0.3581858593235,0.6666666666666666,1,0,1,0,0,0,0,1,1,0,1,0,0,1,1,0,1,0,ID12629
529,0.7551020408163265,0.6622163060739499,0.3333333333333333,0,1,0,1,0,0,0,1,0,1,0,1,0,1,1,0,1,0,ID12630
530,0.9387755102040817,0.9319463231140399,0.3333333333333333,0,1,0,0,1,0,0,1,1,0,0,1,0,1,1,0,0,1,ID12631
531,0.3673469387755102,0.38937182240519763,0.3333333333333333,1,0,1,0,0,0,1,0,0,1,1,0,1,0,1,0,0,1,ID12632
532,0.8367346938775511,0.43109190963091165,0.3333333333333333,0,1,1,0,0,0,1,0,1,0,0,1,0,1,1,0,0,1,ID12633
533,0.8571428571428571,0.42501611865532823,0.0,0,1,1,0,0,0,0,1,0,1,1,0,0,1,0,1,0,1,ID12634
534,0.1836734693877551,0.15376500299659868,0.3333333333333333,1,0,0,0,0,1,1,0,0,1,0,1,0,1,0,1,1,0,ID12635
535,0.22448979591836735,0.08703970635225582,0.0,0,1,1,0,0,0,0,1,1,0,1,0,0,1,1,0,1,0,ID12636
536,0.7142857142857143,0.5650156953631786,0.3333333333333333,1,0,1,0,0,0,1,0,1,0,0,1,0,1,1,0,0,1,ID12637
537,0.8775510204081632,0.8975546963145536,0.6666666666666666,1,0,0,1,0,0,1,0,1,0,0,1,0,1,1,0,0,1,ID12638
538,0.5102040816326531,0.5810767072482242,0.0,1,0,1,0,0,0,0,1,1,0,0,1,0,1,1,0,1,0,ID12639
539,0.02040816326530612,0.08909078050770623,0.0,0,1,1,0,0,0,0,1,1,0,0,1,0,1,0,1,0,1,ID12640
540,0.6122448979591837,0.28920128384853094,0.3333333333333333,1,0,1,0,0,0,0,1,0,1,0,1,1,0,0,1,0,1,ID12641
541,0.42857142857142855,0.5570729451101928,0.6666666666666666,0,1,0,1,0,0,0,1,1,0,0,1,0,1,1,0,0,1,ID12642
542,0.2857142857142857,0.1654227441066462,0.6666666666666666,0,1,1,0,0,0,0,1,0,1,0,1,0,1,1,0,1,0,ID12643
543,0.9183673469387755,0.752914392260017,0.3333333333333333,0,1,0,0,1,0,0,1,0,1,0,1,1,0,0,1,0,1,ID12644
544,0.5714285714285714,0.2767227689363443,0.3333333333333333,0,1,0,1,0,0,0,1,0,1,0,1,0,1,1,0,0,1,ID12645
545,0.4489795918367347,0.5375929027327983,0.0,0,1,1,0,0,0,1,0,1,0,1,0,0,1,0,1,0,1,ID12646
546,0.1836734693877551,0.1766744000651113,0.0,1,0,1,0,0,0,1,0,0,1,1,0,1,0,0,1,0,1,ID12647
547,0.08163265306122448,0.07403775456247852,0.6666666666666666,0,1,0,0,1,0,0,1,0,1,0,1,0,1,1,0,1,0,ID12648
548,0.4897959183673469,0.27052824967491684,0.3333333333333333,0,1,0,1,0,0,0,1,0,1,0,1,0,1,1,0,0,1,ID12649
549,0.8163265306122449,0.8198840282752273,0.3333333333333333,1,0,0,0,0,1,0,1,0,1,0,1,0,1,0,1,0,1,ID12650
550,0.10204081632653061,0.051723891692960385,0.3333333333333333,1,0,1,0,0,0,0,1,0,1,1,0,0,1,1,0,1,0,ID12651
551,0.8163265306122449,0.468567030462753,1.0,0,1,0,0,1,0,0,1,1,0,1,0,1,0,1,0,1,0,ID12652
552,0.5510204081632653,0.6210520048819694,0.6666666666666666,0,1,1,0,0,0,0,1,0,1,0,1,0,1,1,0,1,0,ID12653
553,0.6326530612244898,0.5909586861699959,0.0,1,0,0,0,1,0,0,1,0,1,1,0,1,0,0,1,1,0,ID12654
554,1.0,0.5348225760631043,1.0,1,0,1,0,0,0,0,1,0,1,0,1,0,1,1,0,1,0,ID12655
555,0.04081632653061224,0.04662614648076456,0.6666666666666666,1,0,0,0,0,1,0,1,0,1,0,1,0,1,1,0,1,0,ID12656
556,0.5102040816326531,0.23318218132768853,0.3333333333333333,1,0,0,1,0,0,0,1,0,1,0,1,0,1,0,1,0,1,ID12657
557,0.46938775510204084,0.34618225755468945,0.0,0,1,0,1,0,0,0,1,1,0,1,0,0,1,1,0,1,0,ID12658
558,0.40816326530612246,0.45213778882161143,0.0,1,0,0,0,1,0,0,1,1,0,0,1,0,1,1,0,1,0,ID12659
559,1.0,0.34145893661785104,0.0,1,0,0,0,1,0,0,1,1,0,1,0,0,1,0,1,0,1,ID12660
560,0.4489795918367347,0.19589461677348485,0.3333333333333333,0,1,1,0,0,0,1,0,1,0,0,1,0,1,1,0,0,1,ID12661
561,0.14285714285714285,0.3144353463398737,0.0,1,0,0,0,1,0,1,0,1,0,1,0,0,1,0,1,0,1,ID12662
562,0.7959183673469388,0.7895153975960791,0.0,1,0,0,1,0,0,0,1,1,0,0,1,0,1,1,0,1,0,ID12663
563,0.2857142857142857,0.2999573782660818,0.3333333333333333,1,0,1,0,0,0,1,0,1,0,1,0,0,1,0,1,0,1,ID12664
564,0.5306122448979592,0.31106621614157504,0.0,0,1,0,0,1,0,0,1,0,1,1,0,0,1,0,1,0,1,ID12665
565,0.24489795918367346,0.34161724099897633,0.0,0,1,0,0,0,1,0,1,0,1,0,1,1,0,1,0,1,0,ID12666
566,0.5102040816326531,0.29631293610060866,0.0,0,1,0,0,0,1,0,1,1,0,1,0,0,1,0,1,1,0,ID12667
567,0.02040816326530612,0.21262498087872353,0.6666666666666666,1,0,1,0,0,0,0,1,0,1,0,1,0,1,1,0,1,0,ID12668
568,0.3877551020408163,0.4226002561433715,0.0,1,0,0,0,0,1,0,1,0,1,0,1,0,1,1,0,1,0,ID12669
569,0.6326530612244898,0.22248631140295713,0.3333333333333333,0,1,1,0,0,0,1,0,0,1,0,1,0,1,0,1,0,1,ID12670
570,0.6326530612244898,0.4930026882492895,1.0,1,0,0,1,0,0,1,0,0,1,1,0,0,1,1,0,1,0,ID12671
571,0.4489795918367347,0.5360322280188774,0.0,0,1,1,0,0,0,0,1,1,0,1,0,1,0,1,0,1,0,ID12672
572,0.30612244897959184,0.39057631226158634,0.6666666666666666,1,0,0,0,1,0,1,0,1,0,0,1,0,1,1,0,0,1,ID12673
573,0.42857142857142855,0.29916929776004464,0.6666666666666666,0,1,0,0,0,1,0,1,0,1,0,1,0,1,1,0,1,0,ID12674
574,0.5102040816326531,0.40360200970853244,0.0,1,0,1,0,0,0,0,1,0,1,0,1,0,1,1,0,1,0,ID12675
575,0.3877551020408163,0.4383274522682179,0.0,0,1,0,0,0,1,0,1,1,0,0,1,0,1,0,1,1,0,ID12676
576,0.12244897959183673,0.24341174160801804,0.3333333333333333,1,0,0,0,0,1,0,1,0,1,0,1,0,1,1,0,0,1,ID12677
577,0.8979591836734694,0.6939288032928688,0.0,0,1,0,0,0,1,0,1,0,1,0,1,1,0,1,0,0,1,ID12678
578,0.0,0.022024957373964333,0.0,0,1,1,0,0,0,1,0,1,0,0,1,0,1,0,1,1,0,ID12679
579,0.5918367346938775,0.34609278116535774,0.0,1,0,0,0,0,1,0,1,0,1,1,0,1,0,1,0,1,0,ID12680
580,0.9183673469387755,0.8064075074820329,0.6666666666666666,0,1,0,0,1,0,0,1,0,1,0,1,1,0,0,1,0,1,ID12681
581,0.04081632653061224,0.13130126717494991,0.6666666666666666,0,1,0,0,0,1,0,1,0,1,1,0,0,1,0,1,1,0,ID12682
582,0.5714285714285714,0.2920060245141217,1.0,1,0,0,0,0,1,1,0,1,0,0,1,1,0,1,0,1,0,ID12683
583,0.5918367346938775,0.41432541082998126,0.6666666666666666,1,0,0,1,0,0,1,0,0,1,0,1,0,1,1,0,1,0,ID12684
584,0.30612244897959184,0.3185736293464662,0.3333333333333333,0,1,0,0,0,1,0,1,1,0,0,1,0,1,0,1,0,1,ID12685
585,0.04081632653061224,0.07747794966230406,1.0,0,1,0,0,0,1,1,0,0,1,0,1,0,1,1,0,1,0,ID12686
586,0.04081632653061224,0.22972529543985307,0.3333333333333333,0,1,1,0,0,0,0,1,1,0,1,0,0,1,1,0,0,1,ID12687
587,0.5102040816326531,0.4518487112560782,0.3333333333333333,1,0,0,0,0,1,1,0,0,1,0,1,1,0,1,0,0,1,ID12688
588,0.8163265306122449,0.7684540321072257,0.0,0,1,0,1,0,0,0,1,1,0,0,1,0,1,1,0,1,0,ID12689
589,0.22448979591836735,0.1309313167190591,0.3333333333333333,0,1,0,0,1,0,0,1,0,1,0,1,0,1,1,0,1,0,ID12690
590,0.14285714285714285,0.32356710015109463,0.0,0,1,1,0,0,0,0,1,1,0,1,0,1,0,1,0,1,0,ID12691
591,0.4489795918367347,0.45529183154555497,0.6666666666666666,1,0,1,0,0,0,1,0,1,0,0,1,0,1,0,1,0,1,ID12692
592,0.6122448979591837,0.2624719332354714,0.0,0,1,0,0,0,1,0,1,1,0,0,1,0,1,1,0,1,0,ID12693
593,0.9591836734693877,0.7984527123304831,0.6666666666666666,0,1,0,0,1,0,0,1,1,0,0,1,0,1,1,0,0,1,ID12694
594,0.8367346938775511,0.44665219787565846,1.0,1,0,0,1,0,0,0,1,0,1,0,1,0,1,0,1,1,0,ID12695
595,0.8775510204081632,0.722879577341068,0.6666666666666666,1,0,1,0,0,0,1,0,0,1,0,1,0,1,0,1,1,0,ID12696
596,0.24489795918367346,0.08015088472361001,0.0,1,0,1,0,0,0,0,1,0,1,0,1,0,1,1,0,1,0,ID12697
597,0.2653061224489796,0.18862466014028179,0.0,1,0,0,0,0,1,0,1,0,1,0,1,1,0,1,0,0,1,ID12698
598,0.22448979591836735,0.1668664112345178,0.0,0,1,1,0,0,0,0,1,1,0,0,1,1,0,0,1,1,0,ID12699
599,0.40816326530612246,0.3726586652979073,0.0,0,1,0,0,0,1,1,0,0,1,1,0,0,1,0,1,0,1,ID12700
